Project;ncommits;nauthors;from;to;nstars;nforks;lastGHCommitDate;LongestGapStart (YYYY-MM);LongestGapEnd (YYYY-MM);LongestGapLength (months);NumCommitsAfterLastGap;ActivityPattern;NumberOfGapsInTimeline;BeforeThemes;AfterThemes;HypothesizedGapReason;HasRecovered;WhyRecovered;WhoRecovered;Currentstatus;RecentThemes;Notes
bernatgel_karyoploter;674;15;1444405906;1749198667;377;43;2026-04-28;2024-05;2024-09;5;12;declining;9;Release:Bug fixes;Release:Bug fixes;Low maintainer availability on a mature package. The last pre-gap commits (2024-04-30) are only Bioconductor core-team version bumps for the RELEASE_3_19 branch, and the maintainer Bernat Gel had not committed since 2024-01-11. All 12 issues opened in 2024 (#147-#158) are still open with 0-3 comments, so user reports went unanswered.;Yes;Activity resumed through the Bioconductor release cycle: J Wokaty bumped versions for RELEASE_3_20 on 2024-10-29. Real maintainer work only returned on 2025-05-27/06-06 (Fixes scipen handling, Removes strand from plot.region, version bump).;Same people: 2 returning / 1 new authors, 83% of commits in the 12 months after the gap by returning authors;Active;Release:Feature development;Declining activity since 2019 with 9 gaps of 3+ months. Commits now mostly follow the Bioconductor twice-yearly release bumps. The 2024 gap matches a period where the sole maintainer stopped committing and all new issues stayed unanswered, and he returned only for small fixes in mid-2025.
cartavis_carta-frontend;12474;76;1524835993;1762270305;19;15;2026-09-23;N/A;N/A;0;12474;steady;0;N/A;N/A;N/A active Project;N/A active Project;N/A;N/A active Project;Active;Automated bot contributions:Release;Always active: no zero-commit month in 7.5 years and 0 gaps of 3+ months. Activity rose to a 2021 peak and has been steady at ~100-150 commits a month since, driven by a funded team plus dependabot updates.
kklmn_xrt;1591;12;1459266517;1762357339;101;39;2026-09-24;2024-03;2024-05;3;299;U-shaped;1;Bug fixes:Documentation updates;Feature development:Bug fixes;A short pause by a small core team, not abandonment. Before the gap (Dec 2023 - Feb 2024) Roman Chernikov and Konstantin Klementiev were fixing crystal code (Fix volume calculation for non-cubic crystals in pytte_x). During the gap the maintainers kept answering issues (#172 had 9 comments, #176 had 18) but made no commits, which suggests they were busy with other work rather than leaving.;Yes;Klementiev resumed on 2024-06-05 with new functionality (tuning_curves loop, add import of predefined materials on 2024-06-10, additions to diffract output), apparently driven by user questions in issues #176-#180 about energy settings and materials.;Same people: 4 returning / 2 new authors, 96% of commits in the 12 months after the gap by returning authors;Active;Other:Bug fixes;U-shaped activity with only 1 gap of 3+ months (Mar-May 2024). The same two maintainers worked before and after the gap and kept answering issues during it, so it was a short workload pause rather than abandonment. The project is currently very active.
mummer4_mummer;405;29;1352343979;1739151225;575;119;2025-02-04;2012-12;2015-05;30;403;irregular;10;Feature development:Bug fixes;Feature development:Bug fixes;The repository did not have an active project yet. Its first commits (2012-11-08, Initial version 3.23) import the old MUMmer 3.23 code base and build setup, after which nothing happened. There were no issues or PRs at all before October 2015, and the README was only created on 2015-10-22, so the code sat dormant until the MUMmer4 rewrite began.;Yes;Guillaume Marçais started the MUMmer4 rewrite in June 2015 (UnionFind an object, Use C++ I/O ... a little faster, Sort using std::sort instead of qsort. Faster.), leading to the first GitHub release v3.9.0alpha on 2015-10-28.;Same people: 3 returning / 2 new authors, 94% of commits in the 12 months after the gap by returning authors;Inactive;Feature development:Other;Irregular history with 10 gaps of 3+ months. The 30-month longest gap is simply the time between importing MUMmer 3.23 (Nov 2012) and starting the MUMmer4 rewrite (Jun 2015), both by Guillaume Marçais. The project is currently inactive by the README rule (last release 4.0.1 in Feb 2025).
nanocomp_mpb;1335;35;895645130;1775155248;214;107;2026-05-27;2009-06;2010-08;15;379;declining;23;Feature development:Bug fixes;Bug fixes:Feature development;Single-maintainer academic code in maintenance mode. Almost all commits before the gap are by Steven G. Johnson, whose 2008 work was on material-grid optimization through his NLopt library (renamed nlopt function, use nonlinear constrained MMA alg.). The last pre-gap commit (2009-05-01) is a small fix to mpb-split, and no other developer was active, so any period where he focused elsewhere left the code untouched. There are no GitHub issues from this period because the history was imported from an older version control system.;Yes;Johnson returned with a bug fix on 2010-09-13 (bugfix: in evectmatrix routines ... don't assume that scratch * 0 = 0) followed by MPI and HDF5 compile fixes, i.e. maintenance prompted by bugs rather than new development.;Same people: 1 returning / 1 new authors, 88% of commits in the 12 months after the gap by returning authors;Active;Bug fixes:Documentation updates;Declining activity after the original 1999-2002 development, with 23 gaps of 3+ months. The 15-month gap in 2009-2010 matches a single maintainer (Steven G. Johnson) working elsewhere, and he alone restarted it with bug fixes. A later 2017-2018 revival added the Python interface with new contributors.
nickabattista_ib2d;994;28;1434499605;1756008042;204;101;2026-06-14;2022-07;2024-01;19;39;declining;5;Documentation updates:Bug fixes;Documentation updates:Feature development;The sole maintainer, Nick Battista, wrapped up a round of work in June 2022 (typo fixes in density units, Updated README file with paper links) and then stopped. Users kept opening issues during the gap (#25 on 2022-07-28, #26, #27, #28 on 2023-07-13) and all of them are still open with 0-1 comments, so nobody was maintaining the project in that period.;Yes;"Battista returned on 2024-02-03 with a performance update (Extensive speed/efficiencies tests conducted, sped up the fluid solver and force spreading) and rewrote the README over 2024-02-03/04, effectively publishing a new version. A further ""Feb 2025 IB2d version"" followed a year later.";Same people: 2 returning / 0 new authors, 100% of commits in the 12 months after the gap by returning authors;Active;Feature development:Bug fixes;Declining activity with 5 gaps of 3+ months. The 19-month gap (Jul 2022 - Jan 2024) is a pause by the only maintainer, visible from unanswered issues #25-#28. He alone revived it with a performance-focused new version in Feb 2024.
nmslib_nmslib;1995;100;1373454367;1776120170;3591;461;2026-01-12;2022-07;2023-01;7;251;declining;5;Other:Bug fixes;Feature development:Bug fixes;The maintainer stopped after struggling with builds. The last pre-gap commits by Leonid Boytsov (searchivarius) are all CI/packaging fixes (yet another attempt fix travis build, let's try to build without extras, Mac ARM detection PR #516). During the gap users opened install-failure issues (#518 Python 3.10 on Windows, #519 Unable to pip install nmslib, #520 Build failure on OSX) with no commits in response. GitHub shows no commit on the default branch between 2022-03-31 and 2026-01-12.;Yes;Outside contributors restarted activity through pull requests (sad1y PR #532 on 2023-02-17, Artem Farazei and Sergey Fedorov build fixes, Tejas Shah's ef parameter for hnsw in 2024-05). Boytsov came back to merge them (PR #548 on 2024-06-23) and in Sep-Nov 2025 made ~150 commits to rebuild the wheels for new Python versions and Windows/macOS ARM.;New people: 0 returning / 3 new authors, 0% of commits in the 12 months after the gap by returning authors;Active;Other:Bug fixes;Declining activity with 5 gaps of 3+ months. The 7-month gap in 2022 followed a long fight with CI/packaging, while install-failure issues (#518-#529) piled up. New contributors' PRs restarted activity, and the original maintainer returned in 2024-2025 mainly to fix wheel builds.
ohdsi_atlas;6636;139;1436372795;1761750248;323;154;2025-11-09;2025-05;2025-06;2;22;declining;0;Bug fixes:Other;Other:Bug fixes;"A pause around the 2.15.0 release, not abandonment. April 2025 commits are bug fixes and new features from the Odysseus team (Fix: ""disable"" binding #3014, Temporal annual distribution functionality, Concept Set Snapshots). During May-June 2025 only bug reports were opened (#3015-#3019) and no code was committed, consistent with release testing / a feature freeze.";Yes;"oleg-odysseus fixed issue-3019 on 2025-07-01, and Chris Knoll's PR #3021 ""Hotfixes for 2.15.0"" (2025-07-25) shipped release v2.15.0 the same day. A new contributor (Daijiro Wachi) then added clean-up and tests in Sep-Nov 2025.";Mix of returning and new: 8 returning / 1 new authors, 50% of commits in the 12 months after the gap by returning authors;Active;Bug fixes:Feature development;Declining since a 2018-2019 peak but never inactive for 3+ months. The only gap (May-June 2025) is a pause before the v2.15.0 hotfix release in July 2025. Recovery came from the existing developers plus one new contributor.
pytorch_audio;15856;1513;1493944663;1776253805;2945;799;2026-09-23;2017-11;2017-11;1;15823;irregular;0;Bug fixes:Feature development;Documentation updates:Bug fixes;The longest gap is a single month (November 2017) in the project's first year, when torchaudio was a small volunteer effort. October 2017 commits were small Python 2 compatibility PRs (#19 from raff/python2), and nobody committed in November.;Yes;Soumith Chintala (PyTorch lead) resumed on 2017-12-18 with documentation and packaging (add docstrings for save and load, improve README and add sphinx docs generator), followed by David Pollack's mel spectrogram work in January 2018.;Mix of returning and new: 3 returning / 9 new authors, 61% of commits in the 12 months after the gap by returning authors;Active;Other:Bug fixes;Always active, with no gap of 3+ months. The only zero month is Nov 2017 in the project's first year. Activity grew strongly in 2019-2022, fell in 2024 and spiked in 2025 when I/O was moved to TorchCodec and deprecated features were removed.
wandb_client;54742;561;1487661941;1762386331;11259;899;2026-09-25;2017-06;2017-06;1;54621;rising;0;Other:Bug fixes;Release:Bug fixes;The only zero month (June 2017) is in the very early phase when co-founder Chris Van Pelt was effectively the only committer. His last May 2017 commits were CI struggles and version bumps (Bump version: 0.4.9 -> 0.4.10), so a single month off from one developer leaves no commits.;Yes;Van Pelt continued in July 2017 with new features and releases (New results module, message on pipe ..., Bump version: 0.4.10 -> 0.4.11, Added auto-branch detection), as the product kept being developed.;Same people: 10 returning / 12 new authors, 84% of commits in the 12 months after the gap by returning authors;Active;Feature development:Other;Rising activity with no gap of 3+ months, driven by a growing company team (561 authors). The only zero month (Jun 2017) is from the one-founder start-up phase, and the same founder resumed with new releases in July 2017.
